{"cameraMode":{"drawMode":0,"name":"Shaded","section":"Shading Mode"},"sceneLighting":false,"audioPlay":false,"sceneViewState":{"m_AlwaysRefresh":false,"showFog":true,"showSkybox":false,"showFlares":true,"showImageEffects":true,"showParticleSystems":true,"showVisualEffectGraphs":true,"m_FxEnabled":true},"in2DMode":false,"pivot":{"x":-0.0005666017532348633,"y":0.5267156362533569,"z":0.7535887956619263},"rotation":{"x":0.08643603324890137,"y":-0.6959931254386902,"z":0.08498164266347885,"w":0.7077946662902832},"size":3.5489110946655275,"orthographic":false}